name;url
DEFI Front End Engineer;https://indeed.com/rc/clk?jk=acddbb836b5b8b6c&fccid=76a4a2c41d5d4259&vjs=3
Frontend Team Lead M/F;https://indeed.com/rc/clk?jk=929fe938d9f130ab&fccid=7664841990c65422&vjs=3
Développeur web Laravel/VueJs Télétravail hybride Apr 17 9:34 AM CDI;https://indeed.com/rc/clk?jk=ff58bb2bd3a4a6ba&fccid=7b0e1e26a9aaa73c&vjs=3
Développeur Front-End Sénior F/H;https://indeed.com/rc/clk?jk=097e1e92e20caac7&fccid=e2ed093c49158367&vjs=3
Front-End Specialist in React Native Application Development (iOS/Android);https://indeed.com/company/GAINS-Associates/jobs/Front-End-Associate-de23642aa6c62263?fccid=0c002b0f4b6f77d5&vjs=3
Frontend Lead Developer;https://indeed.com/rc/clk?jk=919a46c971288375&fccid=2a8a8ecfcdaf1bd3&vjs=3
Stagiaire Frontend Developer;https://indeed.com/rc/clk?jk=22c6f6ec992d6736&fccid=6189c81b25cab0c0&vjs=3
Développeur Frontend H/F;https://indeed.com/company/UNLCK/jobs/D%C3%A9veloppeur-a508c20d9da93d25?fccid=fbc91e6e042b7ea3&vjs=3
Frontend Engineer (h/f);https://indeed.com/rc/clk?jk=84d96525ce98b870&fccid=5a43605d5cb6be78&vjs=3
Développeur Fullstack Node.js / mobile react native H/F;https://indeed.com/pagead/clk?mo=r&ad=-6NYlbfkN0ADlskXFgmsLn3i-o0ZrlAjyatSzxpbo18xVYYiGaYFVhRxXL1yssFD2AnBAgb34LWhX5A4sT1hiumRd-6q5XUOQp23usq23-WZ8T9BKooSsLOmBh_QuBAQjScNp7x4CnmIrQH2OsyY5gIdaww3iHhrSVlsSo5HpacnDxCfgeXq_oqXHLY3LwJwHFkQHyrRWEsakyJlOkIsjJT1ET7sjAhPmRb_23mdCpY0HRPC651XDm9cZf7J3y3OTpDwkK_z8rcE82Kh0qtvE-SCYotTS0W2kZ937z1wX-dyWzGqJZVE1MF9QplR30qbcX89ZxscVHClTsSfxJVolc5VQlEovXwq6-bnYvjvUYAhAT83a2dlNqxkI5AJhi3PPllEYjAsf1_cDavkyW9SIeUmac5v16rdZrA8GW-rKF_bij6VkZfg8d8u4s2BmsXT3YmJ0Cu5ggy4vfOsRmI_7Beea_p0tjUERa6ozfSPqoZfQBUZakKfjA_vSMa9BdPwyg_MCk8SS2PgBxMkVc0uB9qREBamo4fA&xkcb=SoCP-_M3MBjolfwNDJ0LbzkdCdPP&p=0&fvj=1&vjs=3
Développeur Front-End H/F;https://indeed.com/company/Koliving/jobs/D%C3%A9veloppeur-Front-End-823cc22e72c7065a?fccid=6463dccd8f36658f&vjs=3
Front-end Developer;https://indeed.com/rc/clk?jk=f8f6c0f64222711a&fccid=5229f0f7ef998e14&vjs=3
Back-end or Front-end Developer (Intern);https://indeed.com/rc/clk?jk=58d68ed0d4bcbe64&fccid=5229f0f7ef998e14&vjs=3
Front End Drupal Developer;https://indeed.com/rc/clk?jk=66903e5bc5780e3c&fccid=ad8d33bb471267fb&vjs=3
Vue.js Frontend Developer M/F;https://indeed.com/rc/clk?jk=a99a81dfd142a244&fccid=7664841990c65422&vjs=3
Alternance - Développeur.se Front-End 100% télétravail;https://indeed.com/company/Mentor-Goal/jobs/D%C3%A9veloppeur-Front-End-8f98165c5c88e508?fccid=6e54f0d031778435&vjs=3
Développeur Full Stack Java/React;https://indeed.com/company/UNLCK/jobs/D%C3%A9veloppeur-Full-Stack-8f15491131c408ef?fccid=fbc91e6e042b7ea3&vjs=3
Developpeur full stack React CDI H/F FULL REMOTE;https://indeed.com/rc/clk?jk=b42ca3f96b45161e&fccid=ff214da9cd838e51&vjs=3
Developer Front-end React/ React Native;https://indeed.com/rc/clk?jk=68509e79459d6c71&fccid=1b9756ed07b7d13b&vjs=3
FREELANCE Développeur Node Angular H/F;https://indeed.com/company/My-Pepit/jobs/D%C3%A9veloppeur-ff2f8db2c6c70061?fccid=af6a0a30ec5f6d5a&vjs=3
Développeur Vue.Js Javascript H/F;https://indeed.com/company/Astorm--group/jobs/D%C3%A9veloppeur-f00fd5f2749e3e8c?fccid=6134c8f5d8da67a0&vjs=3
Développeur Frontend React H/F;https://indeed.com/company/UNLCK/jobs/D%C3%A9veloppeur-2150716419559385?fccid=fbc91e6e042b7ea3&vjs=3
Développeur Front-End H/F;https://indeed.com/company/Smartch/jobs/D%C3%A9veloppeur-Front-End-11e8d63441de4ba0?fccid=78d0fdc26298c20d&vjs=3
Développeur Front-End - Insurtech;https://indeed.com/rc/clk?jk=199f8c5a1c9d0e81&fccid=36e2d30bd0fbbccb&vjs=3
Stage développeur Front - Site de jeu vidéo;https://indeed.com/company/Threevision/jobs/Stage-D%C3%A9veloppeur-940b4d3d77fdc797?fccid=d795fcfb709178fd&vjs=3
Stage Webdesigner / développeur front-end / intégrateur web;https://indeed.com/company/Allo-Webmaster/jobs/D%C3%A9veloppeur-Front-End-0f7c7044a599a010?fccid=d871cd9f3a06287d&vjs=3
CTI Développeur Front-End H/F;https://indeed.com/company/le-cabinet-BECONNECTED/jobs/Front-End-Associate-067e793d64daa523?fccid=3cfe0dfda240d1ac&vjs=3
Développeur Front-End VueJS;https://indeed.com/company/VOLPI-IMMOBILIER/jobs/D%C3%A9veloppeur-Front-End-acab871c2798ab8d?fccid=b7d2703c02c04ee8&vjs=3
Développeur Fullstack JavaScript H/F;https://indeed.com/rc/clk?jk=9e95b81b353410c8&fccid=dd616958bd9ddc12&vjs=3
Alternance : Développeur frontend js/angular/react/typescript;https://indeed.com/company/Epicswan/jobs/D%C3%A9veloppeur-c3b28ff3f62f4784?fccid=87e469576155276a&vjs=3
Développeur Front-End F/M/X;https://indeed.com/rc/clk?jk=e5527b6972b53186&fccid=11dc96a1e6f88e98&vjs=3
Développeur frontend VueJS H/F;https://indeed.com/company/UNLCK/jobs/D%C3%A9veloppeur-9d3f1e007ab48f13?fccid=fbc91e6e042b7ea3&vjs=3
Senior Frontend Engineer - Bot Discord 75K-95K;https://indeed.com/rc/clk?jk=326bcb206f7a7cf7&fccid=36e2d30bd0fbbccb&vjs=3
Lead Developer Frontend VanillaJS;https://indeed.com/company/UNLCK/jobs/D%C3%A9veloppeur-bd5a57e79556a465?fccid=fbc91e6e042b7ea3&vjs=3
Front-end developer H/F;https://indeed.com/company/CompuGroup-Medical/jobs/D%C3%A9veloppeur-Front-End-5233cdc3e7f35a0e?fccid=71e4179a4d24dc36&vjs=3
